Algorithm Name,Train Accuracy,Test Accuracy,Precision,Recall,F1 Score,AUC
Logistic Regression,0.5450419786702972,0.5547991831177672,0.5440993788819876,0.6041379310344828,0.5725490196078432,0.5554291805710048
Gaussian Naive Bayes,0.5947356478329929,0.6147038801906058,0.6111888111888112,0.6027586206896551,0.6069444444444444,0.6145513533555802
Decision Tree,1.0,0.9360108917631041,0.8890258939580764,0.9944827586206897,0.9388020833333334,0.936757508342603
Random Forest,1.0,0.989788972089857,0.9849726775956285,0.9944827586206897,0.9897048730267674,0.9898489061920652
AdaBoost,0.6678012253233492,0.641933287950987,0.6304062909567497,0.663448275862069,0.6465053763440861,0.6422080088987764
Gradient Boosting,0.8370773769003858,0.7944179714091218,0.7601476014760148,0.8524137931034482,0.8036410923276983,0.7951585094549499
XGBoost,1.0,0.9741320626276379,0.9549668874172186,0.9944827586206897,0.9743243243243243,0.9743919169447535
